Name,Team,W,L,ERA,G,GS,CG,ShO,SV,HLD,BS,IP,TBF,H,R,ER,HR,BB,IBB,HBP,WP,BK,SO,Year
Clayton Kershaw,Dodgers,14,9,2.53,33,33,2,2,0,0,0,227.2,901,170,70,64,16,63,5,5,6,2,229,2012
David Price,Rays,20,5,2.56,31,31,2,1,0,0,0,211.0,836,173,63,60,16,59,2,5,8,1,205,2012
Justin Verlander,Tigers,17,8,2.64,33,33,6,1,0,0,0,238.1,956,192,81,70,19,60,2,5,2,1,239,2012
R.A. Dickey,Mets,20,6,2.73,34,33,5,3,0,0,0,233.2,927,192,78,71,24,54,2,9,4,1,230,2012
Johnny Cueto,Reds,19,9,2.78,33,33,2,0,0,0,0,217.0,888,205,73,67,15,49,5,12,1,3,170,2012
Matt Cain,Giants,16,5,2.79,32,32,2,2,0,0,0,219.1,876,177,73,68,21,51,1,9,8,0,193,2012
Jered Weaver,Angels,20,5,2.81,30,30,3,2,0,0,0,188.2,739,147,63,59,20,45,0,4,2,0,142,2012
Kyle Lohse,Cardinals,16,3,2.86,33,33,0,0,0,0,0,211.0,864,192,74,67,19,38,1,4,1,0,143,2012
Gio Gonzalez,Nationals,21,8,2.89,32,32,2,1,0,0,0,199.1,822,149,69,64,9,76,3,5,10,1,207,2012
Jordan Zimmermann,Nationals,12,8,2.94,32,32,0,0,0,0,0,195.2,805,186,69,64,18,43,2,8,3,0,153,2012
Chris Sale,White Sox,17,8,3.05,30,29,1,0,0,0,1,192.0,772,167,66,65,19,51,5,6,6,0,192,2012
Cole Hamels,Phillies,17,6,3.05,31,31,2,2,0,0,0,215.1,867,190,80,73,24,52,3,3,3,2,216,2012
Felix Hernandez,Mariners,13,9,3.06,33,33,5,5,0,0,0,232.0,939,209,84,79,14,56,0,12,13,2,223,2012
Jeremy Hellickson,Rays,10,11,3.10,31,31,0,0,0,0,0,177.0,741,163,68,61,25,59,3,4,5,0,124,2012
Cliff Lee,Phillies,6,9,3.16,30,30,0,0,0,0,0,211.0,847,207,79,74,26,28,0,0,4,0,207,2012
Matt Harrison,Rangers,18,11,3.29,32,32,4,2,0,0,0,213.1,876,210,82,78,22,59,0,1,2,0,133,2012
Hiroki Kuroda,Yankees,16,11,3.32,33,33,3,2,0,0,0,219.2,891,205,86,81,25,51,2,8,13,0,167,2012
Wade Miley,Diamondbacks,16,11,3.33,32,29,0,0,0,0,0,194.2,807,193,79,72,14,37,0,2,6,1,144,2012
Ryan Vogelsong,Giants,14,9,3.37,31,31,0,0,0,0,0,189.2,788,171,76,71,17,62,7,8,3,0,158,2012
Madison Bumgarner,Giants,16,11,3.37,32,32,2,1,0,0,0,208.1,849,183,87,78,23,49,6,7,3,2,191,2012
Jake Peavy,White Sox,11,12,3.37,32,32,4,1,0,0,0,219.0,882,191,88,82,27,49,1,10,3,2,194,2012
CC Sabathia,Yankees,15,6,3.38,28,28,2,0,0,0,0,200.0,833,184,89,75,22,44,2,8,4,1,197,2012
Ryan Dempster,- - -,12,8,3.38,28,28,0,0,0,0,0,173.0,717,155,71,65,19,52,0,2,2,1,153,2012
Ross Detwiler,Nationals,10,8,3.40,33,27,0,0,0,1,0,164.1,686,149,75,62,15,52,0,5,4,1,105,2012
Jon Niese,Mets,13,9,3.40,30,30,0,0,0,0,0,190.1,788,174,77,72,22,49,2,4,6,0,155,2012
Jarrod Parker,Athletics,13,8,3.47,29,29,0,0,0,0,0,181.1,751,166,71,70,11,63,3,3,10,0,140,2012
Zack Greinke,- - -,15,5,3.48,34,34,0,0,0,0,0,212.1,868,200,84,82,18,54,0,2,8,0,200,2012
Mat Latos,Reds,14,4,3.48,33,33,2,0,0,0,0,209.1,858,179,87,81,25,64,9,4,3,1,185,2012
A.J. Burnett,Pirates,16,10,3.51,31,31,1,1,0,0,0,202.1,851,189,86,79,18,62,1,9,10,0,180,2012
James Shields,Rays,15,10,3.52,33,33,3,2,0,0,0,227.2,944,208,103,89,25,58,2,11,7,1,223,2012
Scott Diamond,Twins,12,9,3.54,27,27,1,1,0,0,0,173.0,714,184,76,68,17,31,2,4,10,0,90,2012
Aaron Harang,Dodgers,10,10,3.61,31,31,0,0,0,0,0,179.2,786,167,85,72,14,85,10,4,4,0,131,2012
Tim Hudson,Braves,16,7,3.62,28,28,1,1,0,0,0,179.0,749,168,77,72,12,48,2,9,3,0,102,2012
Yovani Gallardo,Brewers,16,9,3.66,33,33,0,0,0,0,0,204.0,860,185,86,83,26,81,3,0,5,0,204,2012
Paul Maholm,- - -,13,11,3.67,32,31,1,1,0,0,0,189.0,786,178,80,77,20,53,3,11,5,0,140,2012
Homer Bailey,Reds,13,10,3.68,33,33,2,1,0,0,0,208.0,874,206,97,85,26,52,3,8,3,0,168,2012
Chris Capuano,Dodgers,12,12,3.72,33,33,0,0,0,0,0,198.1,817,188,91,82,25,54,4,2,6,0,162,2012
Mark Buehrle,Marlins,13,13,3.74,31,31,1,0,0,0,0,202.1,828,197,88,84,26,40,3,4,2,0,125,2012
Max Scherzer,Tigers,16,7,3.74,32,32,0,0,0,0,0,187.2,787,179,82,78,23,60,2,5,2,1,231,2012
Tommy Milone,Athletics,13,10,3.74,31,31,1,0,0,0,0,190.0,791,207,90,79,24,36,2,4,2,0,137,2012
Bronson Arroyo,Reds,12,10,3.74,32,32,1,1,0,0,0,202.0,835,209,86,84,26,35,1,5,3,0,129,2012
Wandy Rodriguez,- - -,12,13,3.76,34,33,0,0,0,0,0,205.2,875,205,99,86,21,56,4,3,5,0,139,2012
Lucas Harrell,Astros,11,11,3.76,32,32,1,1,0,0,0,193.2,827,185,90,81,13,78,5,1,10,3,140,2012
Trevor Cahill,Diamondbacks,13,12,3.78,32,32,2,1,0,0,0,200.0,839,184,93,84,16,74,0,11,10,2,156,2012
Lance Lynn,Cardinals,18,7,3.78,35,29,0,0,0,1,0,176.0,744,168,76,74,16,64,3,10,3,0,180,2012
Matt Moore,Rays,11,11,3.81,31,31,0,0,0,0,0,177.1,759,158,85,75,18,81,5,7,8,1,175,2012
Josh Johnson,Marlins,8,14,3.81,31,31,0,0,0,0,0,191.1,798,180,84,81,14,65,7,4,5,0,165,2012
Jeff Samardzija,Cubs,9,13,3.81,28,28,1,0,0,0,0,174.2,723,157,79,74,20,56,2,4,10,0,180,2012
C.J. Wilson,Angels,13,10,3.83,34,34,0,0,0,0,0,202.1,865,181,102,86,19,91,2,6,4,1,173,2012
Jason Vargas,Mariners,14,11,3.85,33,33,2,0,0,0,0,217.1,887,201,94,93,35,55,1,3,5,0,141,2012
Anibal Sanchez,- - -,9,13,3.86,31,31,1,1,0,0,0,195.2,820,200,95,84,20,48,3,5,7,1,167,2012
Yu Darvish,Rangers,16,9,3.90,29,29,0,0,0,0,0,191.1,816,156,89,83,14,89,1,10,8,0,221,2012
Adam Wainwright,Cardinals,14,13,3.94,32,32,3,2,0,0,0,198.2,831,196,96,87,15,52,3,6,5,2,184,2012
Jake Westbrook,Cardinals,13,11,3.97,28,28,1,0,0,0,0,174.2,751,191,85,77,12,52,0,8,5,0,106,2012
Clayton Richard,Padres,14,14,3.99,33,33,1,1,0,0,0,218.2,910,228,110,97,31,42,4,6,4,2,107,2012
Wei-Yin Chen,Orioles,12,11,4.02,32,32,0,0,0,0,0,192.2,818,186,97,86,29,57,0,5,2,1,154,2012
Ian Kennedy,Diamondbacks,15,12,4.02,33,33,1,0,0,0,0,208.1,899,216,101,93,28,55,4,14,5,4,187,2012
Edwin Jackson,Nationals,10,11,4.03,31,31,1,0,0,0,0,189.2,790,173,90,85,23,58,5,2,3,0,168,2012
Joe Saunders,- - -,9,13,4.07,28,28,1,1,0,0,0,174.2,745,195,88,79,21,39,2,2,3,0,112,2012
Mike Minor,Braves,11,10,4.12,30,30,0,0,0,0,0,179.1,728,151,88,82,26,56,7,5,3,0,145,2012
Edinson Volquez,Padres,11,11,4.14,32,32,1,1,0,0,0,182.2,802,160,88,84,14,105,6,9,9,1,174,2012
Barry Zito,Giants,15,8,4.15,32,32,1,1,0,0,0,184.1,799,186,91,85,20,70,6,5,1,0,114,2012
Phil Hughes,Yankees,16,13,4.19,32,32,1,0,0,0,0,191.1,815,196,101,89,35,46,0,6,3,0,165,2012
James McDonald,Pirates,12,8,4.21,30,29,1,0,0,0,0,171.0,713,147,85,80,21,69,6,4,3,0,151,2012
Kevin Correia,Pirates,12,11,4.21,32,28,0,0,0,0,0,171.0,728,176,89,80,20,46,2,3,2,0,89,2012
Luis Mendoza,Royals,8,10,4.23,30,25,0,0,0,0,0,166.0,709,176,84,78,15,59,3,11,6,2,104,2012
Gavin Floyd,White Sox,12,11,4.29,29,29,0,0,0,0,0,168.0,724,166,84,80,22,63,2,14,8,0,144,2012
Dan Haren,Angels,12,13,4.33,30,30,1,1,0,0,0,176.2,747,190,95,85,28,38,3,3,5,1,142,2012
Ricky Nolasco,Marlins,12,13,4.48,31,31,3,2,0,0,0,191.0,832,214,100,95,18,47,9,8,8,1,125,2012
Tommy Hanson,Braves,13,10,4.48,31,31,0,0,0,0,0,174.2,761,183,95,87,27,71,5,5,6,0,161,2012
Clay Buchholz,Red Sox,11,8,4.56,29,29,2,1,0,0,0,189.1,802,187,104,96,25,64,2,12,2,2,129,2012
Mike Leake,Reds,8,9,4.58,30,30,2,0,0,0,0,179.0,757,201,97,91,26,41,3,3,3,0,116,2012
Rick Porcello,Tigers,10,12,4.59,31,31,0,0,0,0,0,176.1,783,226,101,90,16,44,3,6,6,0,107,2012
Josh Beckett,- - -,7,14,4.65,28,28,0,0,0,0,0,170.1,730,174,91,88,21,52,6,5,5,0,132,2012
Bud Norris,Astros,7,13,4.65,29,29,0,0,0,0,0,168.1,733,165,90,87,23,66,2,8,8,0,165,2012
Derek Holland,Rangers,12,7,4.67,29,27,0,0,0,0,0,175.1,730,162,100,91,32,52,0,3,1,0,145,2012
Joe Blanton,- - -,10,13,4.71,31,30,2,1,0,0,0,191.0,806,207,106,100,29,34,5,3,5,0,166,2012
Jeremy Guthrie,- - -,8,12,4.76,33,29,0,0,0,0,1,181.2,788,206,109,96,30,50,2,9,2,2,101,2012
Jon Lester,Red Sox,9,14,4.82,33,33,3,0,0,0,0,205.1,876,216,117,110,25,68,2,4,6,0,166,2012
Henderson Alvarez,Blue Jays,9,14,4.85,31,31,1,1,0,0,0,187.1,807,216,110,101,29,54,2,3,3,1,79,2012
Justin Masterson,Indians,11,15,4.93,34,34,1,0,0,0,0,206.1,906,212,122,113,18,88,1,13,14,0,159,2012
Ivan Nova,Yankees,12,8,5.02,28,28,0,0,0,0,0,170.1,748,194,100,95,28,56,3,10,6,2,153,2012
Bruce Chen,Royals,11,14,5.07,34,34,0,0,0,0,0,191.2,827,215,114,108,33,47,3,8,5,0,140,2012
Ervin Santana,Angels,9,13,5.16,30,30,1,1,0,0,0,178.0,764,165,109,102,39,61,2,9,4,0,133,2012
Tim Lincecum,Giants,10,15,5.18,33,33,0,0,0,0,0,186.0,825,183,111,107,23,90,3,4,17,2,190,2012
Ubaldo Jimenez,Indians,9,17,5.40,31,31,0,0,0,0,0,176.2,805,190,116,106,25,95,3,8,16,1,143,2012
Luke Hochevar,Royals,8,16,5.73,32,32,2,1,0,0,0,185.1,800,202,127,118,27,61,3,13,8,0,144,2012
Ricky Romero,Blue Jays,9,14,5.77,32,32,1,0,0,0,0,181.0,829,198,122,116,21,105,1,10,8,0,124,2012
Clayton Kershaw,Dodgers,16,9,1.83,33,33,3,2,0,0,0,236.0,908,164,55,48,11,52,2,3,12,2,232,2013
Jose Fernandez,Marlins,12,6,2.19,28,28,0,0,0,0,0,172.2,681,111,47,42,10,58,5,5,3,1,187,2013
Matt Harvey,Mets,9,5,2.27,26,26,1,1,0,0,0,178.1,690,135,46,45,7,31,1,4,2,0,191,2013
Anibal Sanchez,Tigers,14,8,2.57,29,29,1,1,0,0,0,182.0,746,156,56,52,9,54,1,2,7,0,202,2013
Zack Greinke,Dodgers,15,4,2.63,28,28,1,1,0,0,0,177.2,717,152,54,52,13,46,1,7,5,0,148,2013
Bartolo Colon,Athletics,18,6,2.65,30,30,3,3,0,0,0,190.1,769,193,60,56,14,29,0,0,1,0,117,2013
Hisashi Iwakuma,Mariners,14,6,2.66,33,33,0,0,0,0,0,219.2,866,179,69,65,25,42,4,2,10,0,185,2013
Madison Bumgarner,Giants,13,9,2.77,31,31,0,0,0,0,0,201.1,803,146,68,62,15,62,6,6,6,0,199,2013
Yu Darvish,Rangers,13,9,2.83,32,32,0,0,0,0,0,209.2,841,145,68,66,26,80,1,8,7,1,277,2013
Cliff Lee,Phillies,14,8,2.87,31,31,2,1,0,0,0,222.2,876,193,77,71,22,32,0,4,1,0,222,2013
Max Scherzer,Tigers,21,3,2.90,32,32,0,0,0,0,0,214.1,836,152,73,69,18,56,0,4,6,1,240,2013
Adam Wainwright,Cardinals,19,9,2.94,34,34,5,2,0,0,0,241.2,956,223,83,79,15,35,2,6,5,0,219,2013
Stephen Strasburg,Nationals,8,9,3.00,30,30,1,1,0,0,0,183.0,731,136,71,61,16,56,1,12,7,3,191,2013
Hyun-Jin Ryu,Dodgers,14,8,3.00,30,30,2,1,0,0,0,192.0,783,182,67,64,15,49,4,1,5,0,154,2013
Felix Hernandez,Mariners,12,10,3.04,31,31,0,0,0,0,0,204.1,822,185,74,69,15,46,1,3,13,0,216,2013
Shelby Miller,Cardinals,15,9,3.06,31,31,1,1,0,0,0,173.1,722,152,65,59,20,57,0,5,2,0,169,2013
Chris Sale,White Sox,11,14,3.07,30,30,4,1,0,0,0,214.1,866,184,81,73,23,46,2,14,8,1,226,2013
Andrew Cashner,Padres,10,9,3.09,31,26,1,1,0,1,0,175.0,707,151,68,60,12,47,3,4,5,0,128,2013
Travis Wood,Cubs,9,12,3.11,32,32,0,0,0,0,0,200.0,821,163,73,69,18,66,2,8,6,0,144,2013
Kris Medlen,Braves,15,12,3.11,32,31,0,0,0,0,0,197.0,820,194,77,68,18,47,1,8,2,0,157,2013
James Shields,Royals,13,9,3.15,34,34,2,0,0,0,0,228.2,946,215,82,80,20,68,0,8,11,2,196,2013
Mat Latos,Reds,14,7,3.16,32,32,1,0,0,0,0,210.2,881,197,82,74,14,58,5,10,8,0,187,2013
Julio Teheran,Braves,14,8,3.20,30,30,0,0,0,0,0,185.2,774,173,69,66,22,45,4,13,2,0,170,2013
Mike Minor,Braves,13,9,3.21,32,32,1,0,0,0,0,204.2,820,177,79,73,22,46,2,1,5,0,181,2013
Ervin Santana,Royals,9,10,3.24,32,32,0,0,0,0,0,211.0,859,190,85,76,26,51,3,6,6,0,161,2013
Jordan Zimmermann,Nationals,19,9,3.25,32,32,4,2,0,0,0,213.1,865,192,81,77,19,40,0,7,3,0,161,2013
A.J. Burnett,Pirates,10,11,3.30,30,30,1,0,0,0,0,191.0,801,165,79,70,11,67,3,9,12,0,209,2013
Ubaldo Jimenez,Indians,13,9,3.30,32,32,0,0,0,0,0,182.2,777,163,75,67,16,80,0,3,8,0,194,2013
Hiroki Kuroda,Yankees,11,13,3.31,32,32,1,1,0,0,0,201.1,824,191,79,74,20,43,2,5,6,0,150,2013
David Price,Rays,10,8,3.33,27,27,4,0,0,0,0,186.2,740,178,78,69,16,27,0,3,6,0,151,2013
Kyle Lohse,Brewers,11,10,3.35,32,32,2,1,0,0,0,198.2,806,196,78,74,26,36,1,3,1,0,125,2013
Gio Gonzalez,Nationals,11,8,3.36,32,32,1,1,0,0,0,195.2,819,169,79,73,17,76,1,2,4,1,192,2013
Mike Leake,Reds,14,7,3.37,31,31,0,0,0,0,0,192.1,801,193,78,72,21,48,4,6,2,0,122,2013
C.J. Wilson,Angels,17,7,3.39,33,33,0,0,0,0,0,212.1,913,200,93,80,15,85,3,8,14,2,188,2013
Patrick Corbin,Diamondbacks,14,8,3.41,32,32,3,0,0,0,0,208.1,860,189,81,79,19,54,1,9,13,0,178,2013
Derek Holland,Rangers,10,9,3.42,33,33,2,2,0,0,0,213.0,894,210,90,81,20,64,0,3,9,1,189,2013
Justin Masterson,Indians,14,10,3.45,32,29,3,3,0,0,0,193.0,803,156,75,74,13,76,0,17,8,0,195,2013
Justin Verlander,Tigers,13,12,3.46,34,34,0,0,0,0,0,218.1,925,212,94,84,19,75,1,4,3,1,217,2013
Jhoulys Chacin,Rockies,14,10,3.47,31,31,0,0,0,0,0,197.1,816,188,82,76,11,61,3,3,5,1,126,2013
Homer Bailey,Reds,11,12,3.49,32,32,2,1,0,0,0,209.0,849,181,85,81,20,54,2,10,5,2,199,2013
Jorge De La Rosa,Rockies,16,6,3.49,30,30,0,0,0,0,0,167.2,714,170,70,65,11,62,5,5,5,0,112,2013
Jose Quintana,White Sox,9,7,3.51,33,33,0,0,0,0,0,200.0,832,188,83,78,23,56,2,5,2,1,164,2013
Jeff Locke,Pirates,10,7,3.52,30,30,0,0,0,0,0,166.1,711,146,69,65,11,84,4,6,8,2,125,2013
John Lackey,Red Sox,10,13,3.52,29,29,2,0,0,0,0,189.1,778,179,80,74,26,40,0,6,4,0,161,2013
Wade Miley,Diamondbacks,10,10,3.55,33,33,0,0,0,0,0,202.2,847,201,88,80,21,66,4,4,13,0,147,2013
Cole Hamels,Phillies,8,14,3.60,33,33,1,0,0,0,0,220.0,905,205,94,88,21,50,5,9,4,0,202,2013
Dillon Gee,Mets,12,11,3.62,32,32,2,0,0,0,0,199.0,841,208,84,80,24,47,0,7,4,0,142,2013
Doug Fister,Tigers,14,9,3.67,33,32,1,0,0,0,0,208.2,881,229,91,85,14,44,2,16,7,0,159,2013
Ricky Nolasco,- - -,13,11,3.70,34,33,0,0,0,0,0,199.1,834,195,90,82,17,46,1,10,5,0,165,2013
Chris Tillman,Orioles,16,7,3.71,33,33,1,0,0,0,0,206.1,845,184,87,85,33,68,2,3,6,1,179,2013
Andy Pettitte,Yankees,11,11,3.74,30,30,1,0,0,0,0,185.1,784,198,85,77,17,48,1,4,6,0,128,2013
Jon Lester,Red Sox,15,8,3.75,33,33,1,1,0,0,0,213.1,903,209,94,89,19,67,0,7,5,0,177,2013
Miguel Gonzalez,Orioles,11,8,3.78,30,28,0,0,0,0,0,171.1,712,157,81,72,24,53,3,3,4,0,120,2013
Bronson Arroyo,Reds,14,12,3.79,32,32,2,1,0,0,0,202.0,823,199,88,85,32,34,2,7,1,2,124,2013
A.J. Griffin,Athletics,14,10,3.83,32,32,1,1,0,0,0,200.0,823,171,91,85,36,54,2,4,7,0,171,2013
Scott Feldman,- - -,12,12,3.86,30,30,2,1,0,0,0,181.2,758,159,87,78,19,56,1,9,7,1,132,2013
Eric Stults,Padres,11,13,3.93,33,33,2,0,0,0,0,203.2,857,219,97,89,18,40,2,2,2,1,131,2013
Lance Lynn,Cardinals,15,10,3.97,33,33,0,0,0,0,0,201.2,856,189,92,89,14,76,0,11,6,0,198,2013
Jarrod Parker,Athletics,12,8,3.97,32,32,1,0,0,0,0,197.0,818,178,92,87,25,63,2,7,7,0,134,2013
Matt Cain,Giants,8,10,4.00,30,30,0,0,0,0,0,184.1,760,158,85,82,23,55,3,5,1,0,158,2013
Jeremy Guthrie,Royals,15,12,4.04,33,33,3,2,0,0,0,211.2,905,236,99,95,30,59,1,8,7,0,111,2013
Mark Buehrle,Blue Jays,12,10,4.15,33,33,1,1,0,0,0,203.2,876,223,100,94,24,51,3,9,2,0,139,2013
Kevin Correia,Twins,9,13,4.18,31,31,0,0,0,0,0,185.1,792,218,89,86,24,45,1,2,2,0,101,2013
Bud Norris,- - -,10,12,4.18,32,30,0,0,0,0,0,176.2,773,196,89,82,17,67,0,5,4,0,147,2013
Yovani Gallardo,Brewers,12,10,4.18,31,31,0,0,0,0,0,180.2,773,180,92,84,18,66,1,3,5,0,144,2013
R.A. Dickey,Blue Jays,14,13,4.21,34,34,3,1,0,0,0,224.2,943,207,113,105,35,71,0,10,7,1,177,2013
Rick Porcello,Tigers,13,8,4.32,32,29,1,0,0,0,0,177.0,736,185,87,85,18,42,4,3,6,1,142,2013
Felix Doubront,Red Sox,11,6,4.32,29,27,0,0,0,0,0,162.1,705,161,84,78,13,71,0,5,8,0,139,2013
Jeff Samardzija,Cubs,8,13,4.34,33,33,2,1,0,0,0,213.2,914,210,109,103,25,78,3,8,11,0,214,2013
Wily Peralta,Brewers,11,15,4.37,32,32,2,1,0,0,0,183.1,802,187,107,89,19,73,3,7,12,0,129,2013
Tim Lincecum,Giants,10,14,4.37,32,32,1,1,0,0,0,197.2,841,184,102,96,21,76,8,7,11,2,193,2013
Ryan Dempster,Red Sox,8,9,4.57,32,29,0,0,0,0,0,171.1,754,170,97,87,26,79,1,6,9,1,157,2013
Jerome Williams,Angels,9,10,4.57,37,25,0,0,0,0,0,169.1,728,181,93,86,23,55,2,4,5,0,107,2013
Dan Haren,Nationals,10,14,4.67,31,30,0,0,1,0,0,169.2,717,179,92,88,28,31,0,7,8,1,151,2013
Kyle Kendrick,Phillies,10,13,4.70,30,30,2,1,0,0,0,182.0,800,207,104,95,18,47,4,7,3,1,110,2013
CC Sabathia,Yankees,14,13,4.78,32,32,2,0,0,0,0,211.0,908,224,122,112,28,65,5,4,7,1,175,2013
Ian Kennedy,- - -,7,10,4.91,31,31,0,0,0,0,0,181.1,794,180,108,99,27,73,1,12,10,1,163,2013
Edwin Jackson,Cubs,8,18,4.98,31,31,0,0,0,0,0,175.1,777,197,110,97,16,59,7,5,14,0,135,2013
Jeremy Hellickson,Rays,12,10,5.17,32,31,0,0,0,0,0,174.0,737,185,103,100,24,50,0,4,7,2,135,2013
Joe Saunders,Mariners,11,16,5.26,32,32,2,0,0,0,0,183.0,820,232,117,107,25,61,5,4,5,0,107,2013
Edinson Volquez,- - -,9,12,5.71,33,32,0,0,0,0,0,170.1,777,193,114,108,19,77,2,3,16,0,142,2013
Clayton Kershaw,Dodgers,21,3,1.77,27,27,6,2,0,0,0,198.1,749,139,42,39,9,31,0,2,7,2,239,2014
Felix Hernandez,Mariners,15,6,2.14,34,34,0,0,0,0,0,236.0,912,170,68,56,16,46,1,5,18,0,248,2014
Chris Sale,White Sox,12,4,2.17,26,26,2,0,0,0,0,174.0,685,129,48,42,13,39,2,11,3,0,208,2014
Johnny Cueto,Reds,20,9,2.25,34,34,4,2,0,0,0,243.2,961,169,69,61,22,65,2,15,1,1,242,2014
Adam Wainwright,Cardinals,20,9,2.38,32,32,5,3,0,0,0,227.0,898,184,64,60,10,50,5,7,4,1,179,2014
Doug Fister,Nationals,16,6,2.41,25,25,1,1,0,0,0,164.0,662,153,52,44,18,24,0,7,5,0,98,2014
Corey Kluber,Indians,18,9,2.44,34,34,3,1,0,0,0,235.2,951,207,72,64,14,51,3,6,3,0,269,2014
Jon Lester,- - -,16,11,2.46,32,32,1,1,0,0,0,219.2,885,194,76,60,16,48,0,5,3,0,220,2014
Cole Hamels,Phillies,9,9,2.46,30,30,0,0,0,0,0,204.2,829,176,60,56,14,59,3,8,6,1,198,2014
Garrett Richards,Angels,13,4,2.61,26,26,1,1,0,0,0,168.2,678,124,51,49,5,51,1,7,22,1,164,2014
Henderson Alvarez,Marlins,12,7,2.65,30,30,3,3,0,0,0,187.0,772,198,65,55,14,33,3,8,4,0,111,2014
Jordan Zimmermann,Nationals,14,5,2.66,32,32,3,2,0,0,0,199.2,800,185,67,59,13,29,0,6,4,0,182,2014
Zack Greinke,Dodgers,17,8,2.71,32,32,0,0,0,0,0,202.1,821,190,69,61,19,43,3,2,12,0,207,2014
Lance Lynn,Cardinals,15,10,2.74,33,33,2,1,0,0,0,203.2,866,185,72,62,13,72,1,7,7,0,181,2014
Alex Wood,Braves,11,11,2.78,35,24,1,0,0,2,0,171.2,694,151,58,53,16,45,1,6,5,0,170,2014
Tyson Ross,Padres,13,14,2.81,31,31,2,1,0,0,0,195.2,811,165,75,61,13,72,2,9,12,0,195,2014
Tanner Roark,Nationals,15,10,2.85,31,31,1,1,0,0,0,198.2,798,178,64,63,16,39,1,6,0,0,138,2014
Alex Cobb,Rays,10,9,2.87,27,27,0,0,0,0,0,166.1,681,142,56,53,11,47,1,10,8,0,149,2014
Julio Teheran,Braves,14,13,2.89,33,33,4,2,0,0,0,221.0,884,188,82,71,22,51,4,4,1,1,186,2014
Dallas Keuchel,Astros,12,9,2.93,29,29,5,1,0,0,0,200.0,808,187,71,65,11,48,2,7,7,0,146,2014
Madison Bumgarner,Giants,18,10,2.98,33,33,4,2,0,0,0,217.1,873,194,81,72,21,43,3,6,4,1,219,2014
Jeff Samardzija,- - -,7,13,2.99,33,33,2,0,0,0,0,219.2,879,191,86,73,20,43,3,10,10,0,202,2014
Edinson Volquez,Pirates,13,7,3.04,32,31,1,0,0,0,0,192.2,809,166,75,65,17,71,6,14,15,0,140,2014
Sonny Gray,Athletics,14,10,3.08,33,33,2,2,0,0,0,219.0,899,187,84,75,15,74,2,7,15,0,183,2014
Stephen Strasburg,Nationals,14,11,3.14,34,34,0,0,0,0,0,215.0,868,198,86,75,23,43,4,5,7,0,242,2014
Max Scherzer,Tigers,18,5,3.15,33,33,1,1,0,0,0,220.1,904,196,80,77,18,63,1,6,10,1,252,2014
Yordano Ventura,Royals,14,10,3.20,31,30,0,0,0,0,0,183.0,782,168,70,65,14,69,1,5,11,1,159,2014
James Shields,Royals,14,8,3.21,34,34,1,1,0,0,0,227.0,939,224,95,81,23,44,0,11,12,2,180,2014
David Price,- - -,15,12,3.26,34,34,3,0,0,0,0,248.1,1009,230,100,90,25,38,1,5,2,0,271,2014
Jose Quintana,White Sox,9,11,3.32,32,32,0,0,0,0,0,200.1,830,197,87,74,10,52,3,2,7,0,178,2014
Chris Archer,Rays,10,9,3.33,32,32,0,0,0,0,0,194.2,822,177,85,72,12,72,1,8,8,0,173,2014
Chris Tillman,Orioles,13,6,3.34,34,34,1,1,0,0,0,207.1,871,189,83,77,21,66,1,4,8,0,150,2014
Francisco Liriano,Pirates,7,10,3.38,29,29,0,0,0,0,0,162.1,691,130,68,61,13,81,3,4,12,0,175,2014
Mark Buehrle,Blue Jays,13,10,3.39,32,32,0,0,0,0,0,202.0,857,228,83,76,15,46,0,4,2,1,119,2014
Jon Niese,Mets,9,11,3.40,30,30,0,0,0,0,0,187.2,786,193,80,71,17,45,0,7,3,0,138,2014
Rick Porcello,Tigers,15,13,3.43,32,31,3,3,0,0,0,204.2,840,211,89,78,18,41,4,4,0,0,129,2014
Alfredo Simon,Reds,15,10,3.44,32,32,0,0,0,0,0,196.1,818,181,80,75,22,56,7,12,3,0,127,2014
Josh Collmenter,Diamondbacks,11,9,3.46,33,28,1,1,1,0,0,179.1,719,163,75,69,18,39,2,4,2,0,115,2014
Jason Hammel,- - -,10,11,3.47,30,29,0,0,0,0,0,176.1,715,154,70,68,23,44,2,8,6,0,158,2014
Yovani Gallardo,Brewers,8,11,3.51,32,32,0,0,0,0,0,192.1,817,195,86,75,21,54,2,4,8,0,146,2014
Hisashi Iwakuma,Mariners,15,9,3.52,28,28,0,0,0,0,0,179.0,709,167,70,70,20,21,2,2,2,0,154,2014
Phil Hughes,Twins,16,10,3.52,32,32,1,0,0,0,0,209.2,855,221,88,82,16,16,1,5,1,0,186,2014
Wily Peralta,Brewers,17,11,3.53,32,32,0,0,0,0,0,198.2,838,198,88,78,23,61,0,7,7,0,154,2014
Wei-Yin Chen,Orioles,16,6,3.54,31,31,0,0,0,0,0,185.2,772,193,77,73,23,35,2,3,2,0,136,2014
Kyle Lohse,Brewers,13,9,3.54,31,31,2,2,0,0,0,198.1,817,183,87,78,22,45,0,8,1,0,141,2014
Zack Wheeler,Mets,11,11,3.54,32,32,1,1,0,0,0,185.1,794,167,84,73,14,79,3,11,9,0,187,2014
Scott Kazmir,Athletics,15,9,3.55,32,32,2,0,0,0,0,190.1,777,171,81,75,16,50,1,4,9,1,164,2014
Tim Hudson,Giants,9,13,3.57,31,31,1,0,0,0,0,189.1,789,199,86,75,15,34,3,7,2,0,120,2014
Aaron Harang,Braves,12,12,3.57,33,33,0,0,0,0,0,204.1,876,215,88,81,15,71,4,1,9,0,161,2014
Jered Weaver,Angels,18,9,3.59,34,34,1,0,0,0,0,213.1,888,193,87,85,27,65,1,6,3,0,169,2014
Ian Kennedy,Padres,13,13,3.63,33,33,0,0,0,0,0,201.0,846,189,85,81,16,70,4,4,11,0,207,2014
Matt Garza,Brewers,8,8,3.64,27,27,1,1,0,0,0,163.1,680,143,77,66,12,50,2,4,3,1,126,2014
Bud Norris,Orioles,15,8,3.65,28,28,0,0,0,0,0,165.1,687,149,68,67,20,52,2,14,3,0,139,2014
Chris Young,Mariners,12,9,3.65,30,29,0,0,0,0,0,165.0,688,143,70,67,26,60,3,3,5,1,108,2014
Jarred Cosart,- - -,13,11,3.69,30,30,0,0,0,0,0,180.1,766,173,80,74,9,73,1,3,7,0,115,2014
Mike Leake,Reds,11,13,3.70,33,33,0,0,0,0,0,214.1,902,217,93,88,23,50,3,13,4,0,164,2014
Jason Vargas,Royals,11,10,3.71,30,30,1,1,0,0,0,187.0,790,197,82,77,19,41,4,6,1,1,128,2014
Hiroki Kuroda,Yankees,11,9,3.71,32,32,0,0,0,0,0,199.0,820,191,91,82,20,35,0,7,13,0,146,2014
R.A. Dickey,Blue Jays,14,13,3.71,34,34,1,0,0,0,0,215.2,914,191,101,89,26,74,2,14,5,0,173,2014
Jake Peavy,- - -,7,13,3.73,32,32,0,0,0,0,0,202.2,852,196,91,84,23,63,2,9,5,2,158,2014
Shelby Miller,Cardinals,10,9,3.74,32,31,1,1,0,0,0,183.0,764,160,78,76,22,73,4,2,4,0,127,2014
Scott Feldman,Astros,8,12,3.74,29,29,2,1,0,0,0,180.1,765,185,86,75,16,50,5,11,6,1,107,2014
Tom Koehler,Marlins,10,10,3.81,32,32,0,0,0,0,0,191.1,803,177,84,81,16,71,0,7,4,0,153,2014
John Lackey,- - -,14,10,3.82,31,31,1,0,0,0,0,198.0,833,206,94,84,24,47,1,1,4,2,164,2014
Roenis Elias,Mariners,10,12,3.85,29,29,1,1,0,0,0,163.2,693,151,77,70,16,64,3,11,6,4,143,2014
Ervin Santana,Braves,14,10,3.95,31,31,0,0,0,0,0,196.0,817,193,90,86,16,63,4,4,9,0,179,2014
Ryan Vogelsong,Giants,8,13,4.00,32,32,1,0,0,0,0,184.2,780,178,86,82,18,58,2,9,2,0,151,2014
Dan Haren,Dodgers,13,11,4.02,32,32,0,0,0,0,0,186.0,776,183,101,83,27,36,7,3,8,1,145,2014
Brandon McCarthy,- - -,10,15,4.05,32,32,1,1,0,0,0,200.0,836,222,100,90,25,33,4,3,4,0,175,2014
Bartolo Colon,Mets,15,13,4.09,31,31,0,0,0,0,0,202.1,846,218,97,92,22,30,3,5,2,0,151,2014
Roberto Hernandez,- - -,8,11,4.10,32,29,0,0,0,0,1,164.2,722,156,84,75,19,73,7,9,5,0,105,2014
Jorge De La Rosa,Rockies,14,11,4.10,32,32,0,0,0,0,0,184.1,768,161,90,84,21,67,2,9,9,0,139,2014
Jake Odorizzi,Rays,11,13,4.13,31,31,0,0,0,0,0,168.0,719,156,79,77,20,59,0,5,3,0,174,2014
Jeremy Guthrie,Royals,13,11,4.13,32,32,1,0,0,0,0,202.2,864,215,100,93,23,49,0,14,3,0,124,2014
Eric Stults,Padres,8,17,4.30,32,32,0,0,0,0,0,176.0,763,197,93,84,26,45,3,4,3,0,111,2014
Wade Miley,Diamondbacks,8,12,4.34,33,33,0,0,0,0,0,201.1,866,207,103,97,23,75,3,4,9,0,183,2014
Nathan Eovaldi,Marlins,6,14,4.37,33,33,0,0,0,0,0,199.2,854,223,107,97,14,43,5,7,6,0,142,2014
Kyle Gibson,Twins,13,12,4.47,31,31,0,0,0,0,0,179.1,757,178,91,89,12,57,0,2,11,0,107,2014
Drew Hutchison,Blue Jays,11,13,4.48,32,32,1,1,0,0,0,184.2,786,173,92,92,23,60,1,7,4,2,184,2014
C.J. Wilson,Angels,13,10,4.51,31,31,1,1,0,0,0,175.2,761,169,95,88,17,85,5,11,9,0,151,2014
Justin Verlander,Tigers,15,12,4.54,32,32,0,0,0,0,0,206.0,893,223,114,104,18,65,1,5,5,1,159,2014
A.J. Burnett,Phillies,8,18,4.59,34,34,1,0,0,0,0,213.2,935,205,122,109,20,96,2,16,9,0,190,2014
Kyle Kendrick,Phillies,10,13,4.61,32,32,0,0,0,0,0,199.0,865,214,108,102,25,57,4,11,5,0,121,2014
John Danks,White Sox,11,11,4.74,32,32,0,0,0,0,0,193.2,855,205,106,102,25,74,1,9,7,0,129,2014
Hector Noesi,- - -,8,12,4.75,33,27,1,0,0,0,0,172.1,733,180,98,91,28,56,1,2,9,1,123,2014
Travis Wood,Cubs,8,13,5.03,31,31,0,0,0,0,0,173.2,781,190,110,97,20,76,1,7,2,0,146,2014
Colby Lewis,Rangers,10,14,5.18,29,29,2,1,0,0,0,170.1,762,211,107,98,25,48,5,8,3,1,133,2014
Clay Buchholz,Red Sox,8,11,5.34,28,28,2,2,0,0,0,170.1,737,182,108,101,17,54,2,10,8,0,132,2014
Zack Greinke,Dodgers,19,3,1.66,32,32,1,0,0,0,0,222.2,843,148,43,41,14,40,1,5,7,0,200,2015
Jake Arrieta,Cubs,22,6,1.77,33,33,4,3,0,0,0,229.0,870,150,52,45,10,48,2,6,6,0,236,2015
Clayton Kershaw,Dodgers,16,7,2.13,33,33,4,3,0,0,0,232.2,890,163,62,55,15,42,1,5,9,3,301,2015
David Price,- - -,18,5,2.45,32,32,3,1,0,0,0,220.1,888,190,70,60,17,47,2,3,4,0,225,2015
Dallas Keuchel,Astros,20,8,2.48,33,33,3,2,0,0,0,232.0,911,185,68,64,17,51,0,2,9,0,216,2015
Jacob deGrom,Mets,14,8,2.54,30,30,0,0,0,0,0,191.0,751,149,59,54,16,38,2,2,6,0,205,2015
Gerrit Cole,Pirates,19,8,2.60,32,32,0,0,0,0,0,208.0,832,183,71,60,11,44,1,10,7,0,202,2015
Matt Harvey,Mets,13,8,2.71,29,29,0,0,0,0,0,189.1,755,156,62,57,18,37,2,5,4,0,188,2015
Sonny Gray,Athletics,14,7,2.73,31,31,3,2,0,0,0,208.0,831,166,71,63,17,59,0,2,13,0,169,2015
John Lackey,Cardinals,13,10,2.77,33,33,1,0,0,0,0,218.0,896,211,71,67,21,53,5,4,5,3,175,2015
Max Scherzer,Nationals,14,12,2.79,33,33,4,3,0,0,0,228.2,899,176,74,71,27,34,2,5,10,1,276,2015
Madison Bumgarner,Giants,18,9,2.93,32,32,4,2,0,0,0,218.1,869,181,73,71,21,39,2,7,1,0,234,2015
Carlos Martinez,Cardinals,14,7,3.01,31,29,0,0,0,1,0,179.2,755,168,65,60,13,63,5,8,8,1,184,2015
Shelby Miller,Braves,6,17,3.02,33,33,2,2,0,0,0,205.1,860,183,82,69,13,73,8,6,5,2,171,2015
Lance Lynn,Cardinals,12,11,3.03,31,31,0,0,0,0,0,175.1,751,172,66,59,13,68,5,5,2,0,167,2015
Scott Kazmir,- - -,7,11,3.10,31,31,0,0,0,0,0,183.0,763,162,77,63,20,59,0,9,5,2,155,2015
Marco Estrada,Blue Jays,13,8,3.13,34,28,0,0,0,0,0,181.0,725,134,67,63,24,55,2,5,2,0,131,2015
A.J. Burnett,Pirates,9,7,3.18,26,26,0,0,0,0,0,164.0,699,174,64,58,11,49,2,11,6,1,143,2015
Chris Archer,Rays,12,13,3.23,34,34,1,1,0,0,0,212.0,868,175,85,76,19,66,0,3,13,0,252,2015
Tyson Ross,Padres,10,12,3.26,33,33,1,0,0,0,0,196.0,823,172,78,71,9,84,3,8,14,0,212,2015
Jon Lester,Cubs,11,12,3.34,32,32,1,0,0,0,0,205.0,828,183,83,76,16,47,0,7,8,0,207,2015
Wei-Yin Chen,Orioles,11,8,3.34,31,31,0,0,0,0,0,191.1,792,192,78,71,28,41,0,5,3,0,153,2015
Jake Odorizzi,Rays,9,9,3.35,28,28,0,0,0,0,0,169.1,700,149,65,63,18,46,0,3,5,1,150,2015
Jose Quintana,White Sox,9,10,3.36,32,32,1,1,0,0,0,206.1,862,218,81,77,16,44,4,8,5,0,177,2015
Michael Wacha,Cardinals,17,7,3.38,30,30,0,0,0,0,0,181.1,762,162,74,68,19,58,4,6,4,1,153,2015
Francisco Liriano,Pirates,12,7,3.38,31,31,0,0,0,0,0,186.2,773,155,75,70,15,70,1,5,10,1,205,2015
Chris Sale,White Sox,13,11,3.41,31,31,1,0,0,0,0,208.2,854,185,88,79,23,42,0,13,7,0,274,2015
Yovani Gallardo,Rangers,13,11,3.42,33,33,0,0,0,0,0,184.1,793,193,76,70,15,68,0,1,10,0,121,2015
Johnny Cueto,- - -,11,13,3.44,32,32,2,2,0,0,0,212.0,866,194,87,81,21,46,1,8,0,4,176,2015
Danny Salazar,Indians,14,10,3.45,30,30,0,0,0,0,0,185.0,757,156,79,71,23,53,1,7,3,2,195,2015
Corey Kluber,Indians,9,16,3.49,32,32,4,0,0,0,0,222.0,886,189,92,86,22,45,3,11,6,1,245,2015
Felix Hernandez,Mariners,18,9,3.53,31,31,2,2,0,0,0,201.2,826,180,80,79,23,58,0,9,10,0,191,2015
Edinson Volquez,Royals,13,9,3.55,34,33,1,0,0,0,0,200.1,850,190,89,79,16,72,1,8,3,0,155,2015
Hector Santiago,Angels,9,9,3.59,33,32,0,0,0,0,0,180.2,776,156,80,72,29,71,5,10,1,3,162,2015
Dan Haren,- - -,11,9,3.60,32,32,0,0,0,0,0,187.1,768,174,79,75,31,38,2,8,5,0,132,2015
J.A. Happ,- - -,11,8,3.61,32,31,0,0,0,0,0,172.0,717,173,71,69,16,45,4,2,6,0,151,2015
Carlos Carrasco,Indians,14,12,3.63,30,30,3,1,0,0,0,183.2,730,154,75,74,18,43,2,5,5,0,216,2015
Cole Hamels,- - -,13,8,3.65,32,32,2,1,0,0,0,212.1,880,190,88,86,22,62,3,10,9,4,215,2015
Garrett Richards,Angels,15,12,3.65,32,32,1,1,0,0,0,207.1,865,181,94,84,20,76,2,5,17,0,176,2015
Jordan Zimmermann,Nationals,13,10,3.66,33,33,0,0,0,0,0,201.2,831,204,89,82,24,39,3,8,2,1,164,2015
Mike Fiers,- - -,7,10,3.69,31,30,1,1,0,0,0,180.1,761,162,83,74,24,64,5,6,8,0,180,2015
Brett Anderson,Dodgers,10,9,3.69,31,31,1,0,0,0,0,180.1,750,194,82,74,18,46,2,2,4,2,116,2015
Mike Leake,- - -,11,10,3.70,30,30,2,1,0,0,0,192.0,778,174,80,79,22,49,5,3,6,2,119,2015
Jason Hammel,Cubs,10,7,3.74,31,31,0,0,0,0,0,170.2,710,158,79,71,23,40,4,6,10,0,172,2015
Erasmo Ramirez,Rays,11,6,3.75,34,27,0,0,0,0,0,163.1,666,145,73,68,16,40,0,9,3,0,126,2015
Gio Gonzalez,Nationals,11,8,3.79,31,31,0,0,0,0,0,175.2,758,181,79,74,8,69,3,4,4,0,169,2015
Mark Buehrle,Blue Jays,15,8,3.81,32,32,4,1,0,0,0,198.2,827,214,100,84,22,33,4,7,0,0,91,2015
Kyle Gibson,Twins,11,11,3.84,32,32,1,0,0,0,0,194.2,821,186,88,83,18,65,6,7,7,0,145,2015
Alex Wood,- - -,12,12,3.84,32,32,0,0,0,0,0,189.2,801,198,86,81,15,59,4,4,6,1,139,2015
Collin McHugh,Astros,19,7,3.89,32,32,0,0,0,0,0,203.2,859,207,89,88,19,53,2,9,5,0,171,2015
R.A. Dickey,Blue Jays,11,11,3.91,33,33,2,0,0,0,0,214.1,884,195,97,93,25,61,1,11,9,2,126,2015
James Shields,Padres,13,7,3.91,33,33,0,0,0,0,0,202.1,860,189,93,88,33,81,5,9,7,1,216,2015
Kyle Hendricks,Cubs,8,7,3.95,32,32,1,1,0,0,0,180.0,739,166,82,79,17,43,1,8,3,1,167,2015
Chris Heston,Giants,12,11,3.95,31,31,2,1,0,0,0,177.2,746,169,82,78,16,64,3,13,5,1,141,2015
Julio Teheran,Braves,11,8,4.04,33,33,0,0,0,0,0,200.2,843,189,99,90,27,73,3,9,2,0,171,2015
Anthony DeSclafani,Reds,9,13,4.05,31,31,0,0,0,0,0,184.2,785,194,93,83,17,55,5,5,6,0,151,2015
Yordano Ventura,Royals,13,8,4.08,28,28,0,0,0,0,0,163.1,693,154,75,74,14,58,1,9,10,0,156,2015
Tom Koehler,Marlins,11,14,4.08,32,31,0,0,0,0,0,187.1,800,180,96,85,22,77,3,6,2,0,137,2015
Ubaldo Jimenez,Orioles,12,10,4.11,32,32,0,0,0,0,0,184.0,791,182,89,84,20,68,1,11,6,0,168,2015
Jimmy Nelson,Brewers,11,13,4.11,30,30,0,0,0,0,0,177.1,752,163,89,81,18,65,4,13,11,1,148,2015
Jon Niese,Mets,9,10,4.13,33,29,0,0,0,0,0,176.2,770,192,93,81,20,55,2,9,2,0,113,2015
Bartolo Colon,Mets,14,13,4.16,33,31,1,1,0,0,0,194.2,815,217,94,90,25,24,5,4,0,0,136,2015
Mike Pelfrey,Twins,6,11,4.26,30,30,0,0,0,0,0,164.2,714,198,86,78,11,45,1,12,5,0,86,2015
Ian Kennedy,Padres,9,15,4.28,30,30,0,0,0,0,0,168.1,713,166,95,80,31,52,4,7,5,1,174,2015
Andrew Cashner,Padres,6,16,4.34,31,31,0,0,0,0,0,184.2,804,200,111,89,19,66,2,6,3,0,165,2015
Wade Miley,Red Sox,11,11,4.46,32,32,1,0,0,0,0,193.2,831,201,98,96,17,64,0,4,10,1,147,2015
Jeff Locke,Pirates,8,11,4.49,30,30,0,0,0,0,0,168.1,736,179,95,84,15,60,4,7,5,0,129,2015
Trevor Bauer,Indians,11,12,4.55,31,30,1,0,0,0,0,176.0,744,152,90,89,23,79,1,5,7,1,170,2015
Taijuan Walker,Mariners,11,8,4.56,29,29,1,0,0,0,0,169.2,706,163,92,86,25,40,1,9,4,1,157,2015
Colby Lewis,Rangers,17,9,4.66,33,33,2,1,0,0,0,204.2,861,211,114,106,26,42,2,11,5,0,142,2015
Rubby de la Rosa,Diamondbacks,14,9,4.67,32,32,0,0,0,0,0,188.2,809,193,103,98,32,63,3,4,2,2,150,2015
John Danks,White Sox,7,15,4.71,30,30,2,1,0,0,0,177.2,768,195,104,93,24,56,1,3,8,1,124,2015
CC Sabathia,Yankees,6,10,4.73,29,29,1,0,0,0,0,167.1,726,188,92,88,28,50,3,6,5,1,137,2015
Aaron Harang,Phillies,6,15,4.86,29,29,0,0,0,0,0,172.1,748,189,100,93,26,51,3,6,4,0,108,2015
Rick Porcello,Red Sox,9,15,4.92,28,28,0,0,0,0,0,172.0,737,196,103,94,25,38,0,10,12,1,149,2015
Jeff Samardzija,White Sox,11,13,4.96,32,32,2,2,0,0,0,214.0,910,228,122,118,29,49,0,12,5,0,163,2015
Chris Tillman,Orioles,11,11,4.99,31,31,0,0,0,0,0,173.0,741,176,97,96,20,64,1,5,4,0,120,2015
Alfredo Simon,Tigers,13,12,5.05,31,31,2,1,0,0,0,187.0,820,201,112,105,24,68,1,8,14,0,117,2015
Kyle Hendricks,Cubs,16,8,2.13,31,30,2,1,0,0,0,190.0,745,142,53,45,15,44,3,8,5,0,170,2016
Jon Lester,Cubs,19,5,2.44,32,32,2,0,0,0,0,202.2,796,154,57,55,21,52,0,6,4,0,197,2016
Noah Syndergaard,Mets,14,9,2.60,31,30,0,0,0,1,0,183.2,744,168,61,53,11,43,2,2,10,1,218,2016
Madison Bumgarner,Giants,15,9,2.74,34,34,4,1,0,0,0,226.2,912,178,79,69,26,54,0,8,4,1,251,2016
Johnny Cueto,Giants,18,5,2.79,32,32,5,2,0,0,0,219.2,881,195,71,68,15,45,1,8,3,1,198,2016
Tanner Roark,Nationals,16,10,2.83,34,33,0,0,0,1,0,210.0,855,173,72,66,17,73,4,13,6,1,172,2016
Jose Fernandez,Marlins,16,8,2.86,29,29,0,0,0,0,0,182.1,737,149,63,58,13,55,6,6,9,1,253,2016
Max Scherzer,Nationals,20,7,2.96,34,34,1,0,0,0,0,228.1,902,165,77,75,31,56,2,6,2,1,284,2016
Aaron Sanchez,Blue Jays,15,2,3.00,30,30,0,0,0,0,0,192.0,790,161,69,64,15,63,0,5,5,0,161,2016
Carlos Martinez,Cardinals,16,9,3.04,31,31,0,0,0,0,0,195.1,809,169,68,66,15,70,1,11,8,0,174,2016
Justin Verlander,Tigers,16,9,3.04,34,34,2,0,0,0,0,227.2,903,171,81,77,30,57,1,8,6,0,254,2016
Masahiro Tanaka,Yankees,14,4,3.07,31,31,0,0,0,0,0,199.2,805,179,75,68,22,36,0,3,7,0,165,2016
Jake Arrieta,Cubs,18,8,3.10,31,31,1,1,0,0,0,197.1,795,138,72,68,16,76,1,6,16,0,190,2016
Corey Kluber,Indians,18,9,3.14,32,32,3,2,0,0,0,215.0,860,170,82,75,22,57,1,7,5,1,227,2016
Rick Porcello,Red Sox,22,4,3.15,33,33,3,0,0,0,0,223.0,890,193,85,78,23,32,0,13,3,0,189,2016
J.A. Happ,Blue Jays,20,4,3.18,32,32,0,0,0,0,0,195.0,796,168,72,69,22,60,0,6,3,2,163,2016
Jose Quintana,White Sox,13,12,3.20,32,32,0,0,0,0,0,208.0,837,192,76,74,22,50,1,4,10,1,181,2016
Julio Teheran,Braves,7,10,3.21,30,30,1,1,0,0,0,188.0,758,157,70,67,22,41,2,9,7,1,167,2016
Cole Hamels,Rangers,15,5,3.32,32,32,0,0,0,0,0,200.2,848,185,83,74,24,77,1,8,4,1,200,2016
Drew Pomeranz,- - -,11,12,3.32,31,30,0,0,0,0,0,170.2,703,137,65,63,22,65,3,1,10,0,186,2016
Chris Sale,White Sox,17,10,3.34,32,32,6,1,0,0,0,226.2,907,190,88,84,27,45,2,17,2,0,233,2016
John Lackey,Cubs,11,8,3.35,29,29,0,0,0,0,0,188.1,748,146,74,70,23,53,1,9,4,0,180,2016
Ervin Santana,Twins,7,11,3.38,30,30,2,1,0,0,0,181.1,748,168,78,68,19,53,2,4,11,3,149,2016
Bartolo Colon,Mets,15,8,3.43,34,33,0,0,0,0,0,191.2,791,200,81,73,24,32,2,3,0,0,128,2016
Marco Estrada,Blue Jays,9,9,3.48,29,29,0,0,0,0,0,176.0,723,132,73,68,23,65,1,4,5,0,165,2016
Kenta Maeda,Dodgers,16,11,3.48,32,32,0,0,0,0,0,175.2,716,150,72,68,20,50,6,8,6,0,179,2016
Danny Duffy,Royals,12,3,3.51,42,26,1,0,0,1,0,179.2,731,163,71,70,27,42,0,7,4,0,188,2016
Kevin Gausman,Orioles,9,12,3.61,30,30,0,0,0,0,0,179.2,757,183,76,72,28,47,1,5,8,0,174,2016
Jerad Eickhoff,Phillies,11,14,3.65,33,33,0,0,0,0,0,197.1,811,187,88,80,30,42,2,8,6,2,167,2016
Ian Kennedy,Royals,11,11,3.68,33,33,0,0,0,0,0,195.2,818,173,81,80,33,66,1,13,4,0,184,2016
Jake Odorizzi,Rays,10,6,3.69,33,33,0,0,0,0,0,187.2,773,170,80,77,29,54,3,4,3,1,166,2016
Jeremy Hellickson,Phillies,12,10,3.71,32,32,1,1,0,0,0,189.0,772,173,86,78,24,45,0,6,6,1,154,2016
Dan Straily,Reds,14,8,3.76,34,31,0,0,0,0,0,191.1,792,154,80,80,31,73,4,11,3,1,162,2016
Chris Tillman,Orioles,16,6,3.77,30,30,0,0,0,0,0,172.0,715,155,73,72,19,66,1,7,9,0,140,2016
Jeff Samardzija,Giants,12,11,3.81,32,32,1,0,0,0,0,203.1,829,190,88,86,24,54,4,1,2,0,167,2016
Jason Hammel,Cubs,15,10,3.83,30,30,0,0,0,0,0,166.2,692,148,77,71,25,53,0,9,9,0,144,2016
CC Sabathia,Yankees,9,12,3.91,30,30,0,0,0,0,0,179.2,768,172,83,78,22,65,1,9,2,1,152,2016
Zach Davies,Brewers,11,7,3.97,28,28,0,0,0,0,0,163.1,682,166,79,72,20,38,0,6,3,0,135,2016
Brandon Finnegan,Reds,10,11,3.98,31,31,1,0,0,0,0,172.0,734,150,86,76,29,84,2,4,6,2,145,2016
David Price,Red Sox,17,9,3.99,35,35,2,0,0,0,0,230.0,951,227,106,102,30,50,1,7,4,0,228,2016
Chris Archer,Rays,9,19,4.02,33,33,0,0,0,0,0,201.1,850,183,100,90,30,67,0,3,11,0,233,2016
Carlos Rodon,White Sox,9,10,4.04,28,28,0,0,0,0,0,165.0,715,176,82,74,23,54,3,6,11,1,168,2016
Matt Moore,- - -,13,12,4.08,33,33,0,0,0,0,0,198.1,838,184,93,90,25,72,1,6,6,1,178,2016
Kendall Graveman,Athletics,10,11,4.11,31,31,2,1,0,0,0,186.0,786,196,87,85,22,47,2,7,2,0,108,2016
Hisashi Iwakuma,Mariners,16,12,4.12,33,33,0,0,0,0,0,199.0,836,218,95,91,28,46,3,5,4,0,147,2016
Trevor Bauer,Indians,12,8,4.26,35,28,1,0,0,0,0,190.0,811,179,96,90,20,70,1,9,3,0,168,2016
Tom Koehler,Marlins,9,13,4.33,33,33,0,0,0,0,0,176.2,774,176,93,85,22,83,7,5,9,0,147,2016
Collin McHugh,Astros,13,10,4.34,33,33,1,0,0,0,0,184.2,796,206,92,89,25,54,1,5,9,0,177,2016
Marcus Stroman,Blue Jays,9,10,4.37,32,32,0,0,0,0,0,204.0,855,209,104,99,21,54,0,4,9,1,166,2016
Martin Perez,Rangers,10,11,4.39,33,33,0,0,0,0,0,198.2,855,205,110,97,18,76,0,4,3,2,103,2016
Josh Tomlin,Indians,13,9,4.40,30,29,0,0,0,0,0,174.0,725,187,97,85,36,20,2,3,4,0,118,2016
Ricky Nolasco,- - -,8,14,4.42,32,32,1,1,0,0,0,197.2,817,202,104,97,26,44,0,5,7,0,144,2016
Yordano Ventura,Royals,11,12,4.45,32,32,2,0,0,0,0,186.0,816,190,96,92,23,78,1,8,13,1,144,2016
R.A. Dickey,Blue Jays,10,15,4.46,30,29,0,0,0,0,0,169.2,728,169,97,84,28,63,0,6,5,1,126,2016
Mike Fiers,Astros,11,8,4.48,31,30,0,0,0,0,0,168.2,724,187,89,84,26,42,0,7,17,0,134,2016
Dallas Keuchel,Astros,9,12,4.55,26,26,1,1,0,0,0,168.0,701,168,88,85,20,48,1,2,9,0,144,2016
Gio Gonzalez,Nationals,11,11,4.57,32,32,0,0,0,0,0,177.1,765,179,98,90,19,59,2,9,7,0,171,2016
Jon Gray,Rockies,10,10,4.61,29,29,1,1,0,0,0,168.0,712,153,92,86,18,59,2,12,7,0,185,2016
Jimmy Nelson,Brewers,8,16,4.62,32,32,0,0,0,0,0,179.1,807,186,108,92,25,86,2,17,8,0,140,2016
Adam Wainwright,Cardinals,13,9,4.62,33,33,1,1,0,0,0,198.2,847,220,108,102,22,59,4,5,1,0,161,2016
Doug Fister,Astros,12,13,4.64,32,32,0,0,0,0,0,180.1,779,195,98,93,24,62,1,7,10,0,115,2016
Jaime Garcia,Cardinals,10,13,4.67,32,30,1,1,0,0,0,171.2,741,179,94,89,26,57,3,7,8,0,150,2016
Mike Leake,Cardinals,9,12,4.69,30,30,0,0,0,0,0,176.2,757,203,101,92,20,30,1,7,7,0,125,2016
Francisco Liriano,- - -,8,13,4.69,31,29,0,0,0,0,0,163.0,731,157,98,85,26,85,1,9,9,0,168,2016
Hector Santiago,- - -,13,10,4.70,33,33,0,0,0,0,0,182.0,785,169,100,95,33,79,0,5,3,1,144,2016
Chad Bettis,Rockies,14,8,4.79,32,32,1,1,0,0,0,186.0,814,204,107,99,22,59,5,7,4,0,138,2016
Michael Pineda,Yankees,6,12,4.82,32,32,0,0,0,0,0,175.2,756,184,98,94,27,53,1,6,7,0,207,2016
Drew Smyly,Rays,7,12,4.88,30,30,0,0,0,0,0,175.1,738,174,103,95,32,49,2,2,10,0,167,2016
Robbie Ray,Diamondbacks,8,15,4.90,32,32,0,0,0,0,0,174.1,776,185,105,95,24,71,4,6,8,0,218,2016
Jered Weaver,Angels,12,12,5.06,31,31,1,1,0,0,0,178.0,767,209,106,100,37,51,2,4,1,2,103,2016
Wade Miley,- - -,9,13,5.37,30,30,1,1,0,0,0,166.0,711,187,100,99,25,49,1,6,8,2,137,2016
Edinson Volquez,Royals,10,11,5.37,34,34,0,0,0,0,0,189.1,853,217,124,113,23,76,1,7,5,1,139,2016
James Shields,- - -,6,19,5.85,33,33,1,0,0,0,0,181.2,822,208,122,118,40,82,3,8,10,0,135,2016
Corey Kluber,Indians,18,4,2.25,29,29,5,3,0,0,0,203.2,777,141,56,51,21,36,2,5,4,0,265,2017
Clayton Kershaw,Dodgers,18,4,2.31,27,27,1,0,0,0,0,175.0,679,136,49,45,23,30,0,0,4,2,202,2017
Max Scherzer,Nationals,16,6,2.51,31,31,2,0,0,0,0,200.2,780,126,62,56,22,55,2,11,4,0,268,2017
Stephen Strasburg,Nationals,15,4,2.52,28,28,1,1,0,0,0,175.1,701,131,55,49,13,47,5,7,3,0,204,2017
Robbie Ray,Diamondbacks,15,5,2.89,28,28,1,1,0,0,0,162.0,665,116,57,52,23,71,3,5,8,0,218,2017
Chris Sale,Red Sox,17,8,2.90,32,32,1,0,0,0,0,214.1,851,165,73,69,24,43,0,8,3,0,308,2017
Gio Gonzalez,Nationals,15,9,2.96,32,32,0,0,0,0,0,201.0,827,158,69,66,21,79,5,7,7,0,188,2017
Luis Severino,Yankees,14,6,2.98,31,31,0,0,0,0,0,193.1,783,150,73,64,21,51,0,6,6,0,230,2017
Marcus Stroman,Blue Jays,13,9,3.09,33,33,2,0,0,0,0,201.0,834,201,82,69,21,62,1,6,3,1,164,2017
Zack Greinke,Diamondbacks,17,7,3.20,32,32,1,0,0,0,0,202.1,801,172,80,72,25,45,0,0,12,0,215,2017
Ervin Santana,Twins,16,8,3.28,33,33,5,3,0,0,0,211.1,864,177,85,77,31,61,2,8,12,1,167,2017
Carlos Carrasco,Indians,18,6,3.29,32,32,1,0,0,0,0,200.0,798,173,73,73,21,46,2,10,10,0,226,2017
Drew Pomeranz,Red Sox,17,6,3.32,32,32,0,0,0,0,0,173.2,740,166,69,64,19,69,0,4,6,0,174,2017
Justin Verlander,- - -,15,8,3.36,33,33,0,0,0,0,0,206.0,849,170,80,77,27,72,4,4,5,0,219,2017
Andrew Cashner,Rangers,11,11,3.40,28,28,0,0,0,0,0,166.2,704,156,75,63,15,64,0,9,10,1,86,2017
Lance Lynn,Cardinals,11,8,3.43,33,33,0,0,0,0,0,186.1,776,151,80,71,27,78,5,10,2,0,153,2017
Jimmy Nelson,Brewers,12,6,3.49,29,29,1,0,0,0,0,175.1,728,171,75,68,16,48,1,9,6,1,199,2017
Jake Arrieta,Cubs,14,10,3.53,30,30,0,0,0,0,0,168.1,707,150,82,66,23,55,3,10,14,0,163,2017
Jacob deGrom,Mets,15,10,3.53,31,31,1,0,0,0,0,201.1,827,180,87,79,28,59,5,2,7,0,239,2017
Aaron Nola,Phillies,12,11,3.54,27,27,0,0,0,0,0,168.0,693,154,67,66,18,49,2,2,1,0,184,2017
Sonny Gray,- - -,10,12,3.55,27,27,1,0,0,0,0,162.1,678,139,79,64,19,57,1,3,11,0,153,2017
Carlos Martinez,Cardinals,12,11,3.64,32,32,2,2,0,0,0,205.0,858,179,93,83,27,71,3,8,9,0,217,2017
Alex Cobb,Rays,12,10,3.66,29,29,0,0,0,0,0,179.1,742,175,78,73,22,44,2,6,8,1,128,2017
Jose Urena,Marlins,14,7,3.82,34,28,0,0,0,0,0,169.2,724,152,77,72,26,64,4,14,5,1,113,2017
Michael Fulmer,Tigers,10,12,3.83,25,25,1,0,0,0,0,164.2,676,150,80,70,13,40,2,8,3,1,114,2017
Yu Darvish,- - -,10,12,3.86,31,31,0,0,0,0,0,186.2,766,159,83,80,27,58,1,6,12,1,209,2017
Jhoulys Chacin,Padres,13,10,3.89,32,32,0,0,0,0,0,180.1,765,157,82,78,19,72,5,14,7,1,153,2017
Zach Davies,Brewers,17,9,3.90,33,33,0,0,0,0,0,191.1,817,204,90,83,20,55,3,9,2,0,124,2017
Mike Leake,- - -,10,13,3.92,31,31,0,0,0,0,0,186.0,782,201,93,81,20,37,3,9,3,0,130,2017
Patrick Corbin,Diamondbacks,14,13,4.03,33,32,0,0,0,0,0,189.2,826,208,97,85,26,61,8,3,10,0,178,2017
Chris Archer,Rays,10,12,4.07,34,34,0,0,0,0,0,201.0,852,193,101,91,27,60,0,5,15,0,249,2017
Michael Wacha,Cardinals,12,9,4.13,30,30,1,1,0,0,0,165.2,701,170,82,76,17,55,3,3,5,0,158,2017
Ivan Nova,Pirates,11,14,4.14,31,31,2,1,0,0,0,187.0,785,203,96,86,29,36,2,7,8,0,131,2017
Jose Quintana,- - -,11,11,4.15,32,32,1,1,0,0,0,188.2,790,170,92,87,23,61,4,10,8,1,207,2017
Jason Vargas,Royals,18,11,4.16,32,32,1,1,0,0,0,179.2,756,181,84,83,27,58,2,5,6,1,134,2017
Trevor Bauer,Indians,17,9,4.19,32,31,0,0,0,0,0,176.1,749,181,84,82,25,60,0,5,3,1,196,2017
Dylan Bundy,Orioles,13,9,4.24,28,28,1,1,0,0,0,169.2,698,152,82,80,26,51,0,7,0,0,152,2017
Gerrit Cole,Pirates,12,12,4.26,33,33,0,0,0,0,0,203.0,849,199,98,96,31,55,1,4,7,0,196,2017
Dan Straily,Marlins,10,9,4.26,33,33,0,0,0,0,0,181.2,769,176,90,86,31,60,4,5,2,0,170,2017
R.A. Dickey,Braves,10,10,4.26,31,31,0,0,0,0,0,190.0,815,193,99,90,26,67,3,10,13,2,136,2017
Jon Lester,Cubs,13,8,4.33,32,32,1,0,0,0,0,180.2,763,179,101,87,26,60,3,4,3,0,180,2017
German Marquez,Rockies,11,7,4.39,29,29,0,0,0,0,0,162.0,701,174,82,79,25,49,3,8,6,0,147,2017
Jeff Samardzija,Giants,9,15,4.42,32,32,1,1,0,0,0,207.2,847,204,107,102,30,32,1,6,2,0,205,2017
Julio Teheran,Braves,11,13,4.49,32,32,0,0,0,0,0,188.1,812,186,103,94,31,72,3,7,6,0,151,2017
John Lackey,Cubs,12,12,4.59,31,30,0,0,0,0,0,170.2,731,165,93,87,36,53,3,12,11,2,149,2017
Rick Porcello,Red Sox,11,17,4.65,33,33,2,0,0,0,0,203.1,885,236,125,105,38,48,1,6,5,0,181,2017
Tanner Roark,Nationals,13,11,4.67,32,30,0,0,0,0,0,181.1,776,178,105,94,23,64,5,6,3,1,166,2017
Luis Perdomo,Padres,8,11,4.67,29,29,0,0,0,0,0,163.2,716,182,97,85,17,65,3,8,11,2,118,2017
Kevin Gausman,Orioles,11,12,4.68,34,34,0,0,0,0,0,186.2,816,208,99,97,29,71,0,5,8,1,179,2017
Masahiro Tanaka,Yankees,13,12,4.74,30,30,1,1,0,0,0,178.1,752,180,100,94,35,41,1,7,7,0,194,2017
Ty Blach,Giants,8,12,4.78,34,24,1,1,0,0,0,163.2,692,179,91,87,17,43,2,1,3,0,73,2017
Clayton Richard,Padres,8,15,4.79,32,32,2,1,0,0,0,197.1,858,240,114,105,24,59,6,8,7,1,151,2017
Martin Perez,Rangers,13,12,4.82,32,32,0,0,0,0,0,185.0,811,221,108,99,23,63,3,6,4,0,115,2017
Ricky Nolasco,Angels,6,15,4.92,33,33,1,1,0,0,0,181.0,787,205,102,99,35,58,3,3,4,0,143,2017
Marco Estrada,Blue Jays,10,9,4.98,33,33,0,0,0,0,0,186.0,806,186,104,103,31,71,0,2,1,0,176,2017
Jason Hammel,Royals,8,13,5.29,32,32,0,0,0,0,0,180.1,804,209,109,106,26,48,2,9,7,1,145,2017
Jeremy Hellickson,- - -,8,11,5.43,30,30,0,0,0,0,0,164.0,695,160,105,99,35,47,2,8,4,1,96,2017
Matt Moore,Giants,6,15,5.52,32,31,0,0,0,0,0,174.1,790,200,116,107,27,67,3,7,10,0,148,2017
Jacob deGrom,Mets,10,9,1.70,32,32,1,0,0,0,0,217.0,835,152,48,41,10,46,3,5,2,0,269,2018
Blake Snell,Rays,21,5,1.89,31,31,0,0,0,0,0,180.2,700,112,41,38,16,64,2,1,13,0,221,2018
Trevor Bauer,Indians,12,6,2.21,28,27,0,0,1,0,0,175.1,717,134,51,43,9,57,2,9,12,0,221,2018
Aaron Nola,Phillies,17,6,2.37,33,33,0,0,0,0,0,212.1,831,149,57,56,17,58,3,7,4,1,224,2018
Justin Verlander,Astros,16,9,2.52,34,34,1,1,0,0,0,214.0,833,156,63,60,28,37,0,8,5,2,290,2018
Max Scherzer,Nationals,18,7,2.53,33,33,2,1,0,0,0,220.2,866,150,66,62,23,51,4,12,4,1,300,2018
Miles Mikolas,Cardinals,18,4,2.83,32,32,1,1,0,0,0,200.2,808,186,70,63,16,29,4,7,2,1,146,2018
Kyle Freeland,Rockies,17,7,2.85,33,33,0,0,0,0,0,202.1,844,182,64,64,17,70,2,6,2,0,173,2018
Mike Foltynewicz,Braves,13,10,2.85,31,31,2,1,0,0,0,183.0,744,130,65,58,17,68,3,6,7,2,202,2018
Gerrit Cole,Astros,15,5,2.88,32,32,1,1,0,0,0,200.1,799,143,68,64,19,64,0,7,9,0,276,2018
Corey Kluber,Indians,20,7,2.89,33,33,2,1,0,0,0,215.0,842,179,75,69,25,34,0,3,2,0,222,2018
Mike Clevinger,Indians,13,8,3.02,32,32,1,1,0,0,0,200.0,810,164,71,67,21,67,0,4,4,0,207,2018
Trevor Williams,Pirates,14,10,3.11,31,31,1,1,0,0,0,170.2,701,146,64,59,15,55,3,4,4,0,126,2018
Charlie Morton,Astros,15,3,3.13,30,30,0,0,0,0,0,167.0,695,130,63,58,18,64,0,16,4,0,201,2018
Patrick Corbin,Diamondbacks,11,7,3.15,33,33,1,1,0,0,0,200.0,800,162,70,70,15,48,3,5,8,0,246,2018
Jameson Taillon,Pirates,14,10,3.20,32,32,2,1,0,0,0,191.0,785,179,69,68,20,46,4,6,2,0,179,2018
Zack Greinke,Diamondbacks,15,11,3.21,33,33,0,0,0,0,0,207.2,839,181,77,74,28,43,3,6,4,0,199,2018
Zack Wheeler,Mets,12,7,3.31,29,29,0,0,0,0,0,182.1,744,150,69,67,14,55,0,9,2,1,179,2018
Jon Lester,Cubs,18,6,3.32,32,32,0,0,0,0,0,181.2,761,174,75,67,24,64,1,6,4,0,149,2018
Carlos Carrasco,Indians,17,10,3.38,32,30,2,0,0,0,0,192.0,784,173,78,72,21,43,4,6,9,0,231,2018
Luis Severino,Yankees,19,8,3.39,32,32,1,1,0,0,0,191.1,780,173,76,72,19,46,0,5,8,0,220,2018
Kyle Hendricks,Cubs,14,11,3.44,33,33,0,0,0,0,0,199.0,812,184,82,76,22,44,4,9,0,0,161,2018
Jhoulys Chacin,Brewers,15,8,3.50,35,35,0,0,0,0,0,192.2,796,153,83,75,18,71,3,11,5,0,156,2018
Mike Fiers,- - -,12,8,3.56,31,30,0,0,0,0,0,172.0,714,166,71,68,32,37,1,8,4,0,139,2018
Derek Holland,Giants,7,9,3.57,36,30,0,0,0,0,0,171.1,727,154,74,68,19,67,6,4,2,1,169,2018
David Price,Red Sox,16,7,3.58,30,30,1,0,0,0,0,176.0,722,151,75,70,25,50,0,10,1,0,177,2018
Kyle Gibson,Twins,10,13,3.62,32,32,0,0,0,0,0,196.2,826,177,88,79,23,79,2,4,8,0,179,2018
J.A. Happ,- - -,17,6,3.65,31,31,0,0,0,0,0,177.2,733,150,81,72,27,51,0,9,4,1,193,2018
Dallas Keuchel,Astros,12,11,3.74,34,34,1,0,0,0,0,204.2,874,211,92,85,18,58,0,2,9,0,153,2018
German Marquez,Rockies,14,11,3.77,33,33,0,0,0,0,0,196.0,817,179,90,82,24,57,5,8,8,0,230,2018
Cole Hamels,- - -,9,12,3.78,32,32,1,0,0,0,0,190.2,806,176,93,80,29,65,0,19,7,3,188,2018
Jose Berrios,Twins,12,11,3.84,32,32,2,1,0,0,0,192.1,797,159,83,82,25,61,1,13,2,0,202,2018
Sean Newcomb,Braves,12,9,3.90,31,30,0,0,0,0,0,164.0,696,137,74,71,18,81,1,1,4,0,160,2018
Reynaldo Lopez,White Sox,7,10,3.91,32,32,0,0,0,0,0,188.2,799,165,88,82,25,75,1,10,7,3,151,2018
Kevin Gausman,- - -,10,11,3.92,31,31,0,0,0,0,0,183.2,776,189,85,80,26,50,1,7,6,0,148,2018
Julio Teheran,Braves,9,9,3.94,31,31,0,0,0,0,0,175.2,724,122,80,77,26,84,3,9,2,3,162,2018
Jake Arrieta,Phillies,10,11,3.96,31,31,0,0,0,0,0,172.2,724,165,93,76,21,57,0,7,11,1,138,2018
Jose Urena,Marlins,9,12,3.98,31,31,1,0,0,0,0,174.0,712,155,78,77,19,51,8,12,2,1,130,2018
Marco Gonzales,Mariners,13,9,4.00,29,29,1,0,0,0,0,166.2,686,172,76,74,17,32,0,6,2,0,145,2018
Jose Quintana,Cubs,13,11,4.03,32,32,0,0,0,0,0,174.1,739,162,81,78,25,68,3,3,3,0,158,2018
Andrew Heaney,Angels,9,10,4.15,30,30,1,1,0,0,0,180.0,749,171,91,83,27,45,0,8,9,0,180,2018
Ivan Nova,Pirates,9,9,4.19,29,29,0,0,0,0,0,161.0,683,171,82,75,26,35,4,4,9,1,114,2018
Gio Gonzalez,- - -,10,11,4.21,32,32,0,0,0,0,0,171.0,746,167,84,80,17,80,2,2,5,0,148,2018
Rick Porcello,Red Sox,17,7,4.28,33,33,1,0,0,0,0,191.1,808,177,97,91,27,48,0,16,3,1,190,2018
Luis Castillo,Reds,10,12,4.30,31,31,0,0,0,0,0,169.2,708,158,89,81,28,49,1,5,4,2,165,2018
Tanner Roark,Nationals,9,15,4.34,31,30,0,0,0,0,0,180.1,760,181,90,87,24,50,3,10,5,0,146,2018
Mike Leake,Mariners,10,10,4.36,31,31,0,0,0,0,0,185.2,784,207,98,90,23,34,3,6,2,0,119,2018
Jakob Junis,Royals,9,12,4.37,30,30,1,0,0,0,0,177.0,758,182,94,86,32,43,1,15,9,0,164,2018
Matthew Boyd,Tigers,9,13,4.39,31,31,0,0,0,0,0,170.1,709,146,87,83,27,51,0,11,6,2,159,2018
Jake Odorizzi,Twins,7,10,4.49,32,32,0,0,0,0,0,164.1,711,151,89,82,20,70,3,8,1,0,162,2018
James Shields,White Sox,7,16,4.53,34,33,0,0,0,0,0,204.2,871,190,115,103,34,78,0,9,11,1,154,2018
Tyler Anderson,Rockies,7,9,4.55,32,32,0,0,0,0,0,176.0,737,165,94,89,30,59,1,3,9,2,164,2018
Zack Godley,Diamondbacks,15,11,4.74,33,32,0,0,0,0,0,178.1,791,177,103,94,16,81,2,12,17,1,185,2018
Nick Pivetta,Phillies,7,14,4.77,33,32,0,0,0,0,0,164.0,694,163,91,87,24,51,0,5,8,0,188,2018
Jon Gray,Rockies,12,9,5.12,31,31,0,0,0,0,0,172.1,743,180,102,98,27,52,1,6,6,2,183,2018
Dylan Bundy,Orioles,8,16,5.45,31,31,1,0,0,0,0,171.2,750,188,116,104,41,54,1,6,6,1,184,2018
Lucas Giolito,White Sox,10,13,6.13,32,32,0,0,0,0,0,173.1,775,166,123,118,27,90,2,15,13,0,125,2018
Hyun-Jin Ryu,Dodgers,12,3,1.64,23,23,1,1,0,0,0,148.1,576,122,33,27,12,18,0,3,0,0,126,2019
Mike Soroka,Braves,10,2,2.41,22,22,0,0,0,0,0,134.2,542,115,40,36,8,33,1,7,2,0,107,2019
Max Scherzer,Nationals,9,5,2.41,20,20,0,0,0,0,0,134.1,535,108,39,36,10,25,2,7,0,0,189,2019
Jacob deGrom,Mets,8,7,2.61,25,25,0,0,0,0,0,155.0,624,125,49,45,15,38,1,5,2,0,194,2019
Clayton Kershaw,Dodgers,13,2,2.71,22,22,0,0,0,0,0,143.0,561,115,46,43,18,31,0,1,5,1,147,2019
Justin Verlander,Astros,15,5,2.77,27,27,1,0,0,0,0,178.2,683,110,57,55,33,34,0,5,3,0,239,2019
Zack Greinke,- - -,13,4,2.84,26,26,0,0,0,0,0,165.0,640,134,56,52,17,28,2,4,2,0,149,2019
Charlie Morton,Rays,13,5,2.85,27,27,0,0,0,0,0,161.0,649,126,56,51,12,45,0,7,5,1,197,2019
Gerrit Cole,Astros,14,5,2.87,25,25,0,0,0,0,0,156.2,614,114,56,50,24,39,0,2,1,1,226,2019
Sonny Gray,Reds,9,6,2.92,25,25,0,0,0,0,0,138.2,561,102,47,45,14,53,1,4,7,0,164,2019
Luis Castillo,Reds,12,5,3.04,26,26,0,0,0,0,0,154.0,628,112,56,52,18,61,0,7,5,3,179,2019
Walker Buehler,Dodgers,10,3,3.16,24,24,2,0,0,0,0,148.1,597,125,63,52,16,26,0,5,4,0,174,2019
Mike Minor,Rangers,11,7,3.17,26,26,2,1,0,0,0,167.2,690,149,62,59,22,54,1,7,2,0,171,2019
Patrick Corbin,Nationals,10,5,3.17,26,26,1,1,0,0,0,161.2,659,135,62,57,18,51,2,2,4,0,184,2019
Wade Miley,Astros,12,4,3.18,26,26,0,0,0,0,0,147.1,613,129,60,52,20,48,0,4,4,1,125,2019
Marcus Stroman,- - -,7,11,3.18,25,25,0,0,0,0,0,144.1,603,143,61,51,13,45,1,0,6,0,117,2019
Lucas Giolito,White Sox,14,6,3.20,25,25,3,2,0,0,0,151.2,610,115,56,54,17,51,1,4,5,0,194,2019
Shane Bieber,Indians,12,6,3.26,27,26,3,2,0,0,0,168.1,671,135,66,61,25,34,1,6,6,1,207,2019
Kyle Hendricks,Cubs,8,9,3.37,23,23,1,1,0,0,0,136.1,561,126,58,51,17,28,1,6,1,0,115,2019
Jose Berrios,Twins,10,6,3.37,25,25,0,0,0,0,0,157.2,661,148,71,59,21,38,0,8,3,1,150,2019
Mike Fiers,Athletics,12,3,3.46,27,27,1,1,0,0,0,158.2,643,133,63,61,22,46,0,9,10,0,106,2019
Jack Flaherty,Cardinals,7,6,3.46,25,25,0,0,0,0,0,140.1,572,110,55,54,22,45,2,5,4,0,162,2019
Aaron Nola,Phillies,12,3,3.51,27,27,0,0,0,0,0,161.1,676,138,67,63,22,61,3,9,3,0,180,2019
Julio Teheran,Braves,8,8,3.53,27,27,0,0,0,0,0,145.1,629,125,63,57,16,69,3,11,4,1,137,2019
Jeff Samardzija,Giants,9,9,3.54,25,25,0,0,0,0,0,139.2,574,118,62,55,21,38,4,6,4,0,119,2019
Jake Odorizzi,Twins,13,6,3.57,25,25,0,0,0,0,0,131.0,547,116,55,52,15,47,0,4,3,0,137,2019
Lance Lynn,Rangers,14,8,3.60,26,26,0,0,0,0,0,165.0,690,155,68,66,15,46,0,5,13,0,187,2019
Dakota Hudson,Cardinals,12,6,3.63,26,25,0,0,1,0,0,134.0,594,139,69,54,19,63,6,8,5,0,104,2019
Stephen Strasburg,Nationals,15,5,3.65,26,26,0,0,0,0,0,165.0,673,136,69,67,19,42,4,8,7,0,191,2019
Madison Bumgarner,Giants,8,8,3.72,27,27,0,0,0,0,0,164.2,666,149,77,68,22,33,3,7,2,0,163,2019
Zach Davies,Brewers,8,6,3.74,24,24,0,0,0,0,0,127.2,544,133,62,53,17,43,0,2,3,0,82,2019
Max Fried,Braves,14,4,3.84,26,24,1,0,0,0,0,131.1,564,143,61,56,16,41,3,4,8,0,134,2019
Jon Gray,Rockies,11,8,3.84,26,25,0,0,0,0,0,150.0,637,147,70,64,19,56,4,4,7,0,150,2019
Noah Syndergaard,Mets,8,6,3.86,24,24,1,1,0,0,0,154.0,636,144,72,66,15,42,2,5,2,0,151,2019
Jose Quintana,Cubs,11,7,3.91,25,24,0,0,0,0,0,142.2,600,143,68,62,17,36,0,1,8,0,131,2019
Brad Keller,Royals,7,13,3.95,27,27,0,0,0,0,0,164.0,699,151,75,72,15,67,2,9,9,1,121,2019
Robbie Ray,Diamondbacks,10,7,3.99,26,26,0,0,0,0,0,142.0,602,119,70,63,23,63,4,3,5,0,187,2019
Tanner Roark,- - -,7,8,4.01,24,24,0,0,0,0,0,128.0,557,135,61,57,16,43,1,10,0,0,124,2019
Trevor Bauer,- - -,10,10,4.06,28,28,1,1,0,0,0,179.2,765,150,92,81,26,71,0,16,9,0,215,2019
Brett Anderson,Athletics,10,9,4.06,25,25,0,0,0,0,0,144.0,607,146,67,65,17,40,1,4,3,0,74,2019
Eduardo Rodriguez,Red Sox,14,5,4.10,26,26,0,0,0,0,0,153.2,654,149,72,70,22,58,2,5,2,0,149,2019
Joey Lucchesi,Padres,8,7,4.20,24,24,0,0,0,0,0,133.0,552,113,64,62,17,44,0,1,6,0,129,2019
Jon Lester,Cubs,10,8,4.23,24,24,0,0,0,0,0,134.0,590,153,76,63,21,37,0,4,3,0,132,2019
Matthew Boyd,Tigers,6,9,4.24,26,26,0,0,0,0,0,153.0,640,141,75,72,30,37,1,6,6,2,201,2019
Michael Pineda,Twins,9,5,4.26,23,23,0,0,0,0,0,129.0,532,128,64,61,21,24,1,4,4,0,113,2019
Marco Gonzales,Mariners,13,10,4.30,27,27,0,0,0,0,0,157.0,679,174,89,75,17,40,1,6,1,1,121,2019
Miles Mikolas,Cardinals,7,13,4.30,25,25,1,1,0,0,0,142.1,593,153,72,68,21,25,0,9,2,1,106,2019
Sandy Alcantara,Marlins,4,11,4.35,24,24,1,1,0,0,0,142.2,615,133,76,69,17,69,5,6,4,0,101,2019
Chris Sale,Red Sox,6,11,4.40,25,25,1,1,0,0,0,147.1,612,123,80,72,24,37,0,13,2,0,218,2019
Zack Wheeler,Mets,9,7,4.40,24,24,0,0,0,0,0,149.1,634,151,79,73,18,38,3,1,5,0,153,2019
Kyle Gibson,Twins,11,6,4.40,26,25,0,0,0,0,0,139.0,597,137,78,68,18,45,0,6,6,0,133,2019
Yu Darvish,Cubs,4,6,4.43,26,26,0,0,0,0,0,144.1,603,117,74,71,30,51,1,11,11,0,176,2019
Ivan Nova,White Sox,9,9,4.47,26,26,2,0,0,0,0,153.0,646,173,83,76,24,38,1,7,5,0,91,2019
Adam Wainwright,Cardinals,9,9,4.51,24,24,0,0,0,0,0,131.2,574,135,68,66,17,54,7,8,1,0,126,2019
Masahiro Tanaka,Yankees,9,6,4.56,25,25,1,1,0,0,0,144.0,602,144,77,73,24,34,0,2,5,0,116,2019
Martin Perez,Twins,8,5,4.60,25,22,0,0,0,0,0,133.0,586,139,77,68,18,56,1,3,2,1,111,2019
Merrill Kelly,Diamondbacks,9,12,4.63,25,25,0,0,0,0,0,142.0,606,150,78,73,24,38,2,1,3,0,114,2019
Jake Arrieta,Phillies,8,8,4.64,24,24,0,0,0,0,0,135.2,594,149,76,70,21,51,3,7,7,0,110,2019
Daniel Norris,Tigers,3,10,4.70,26,23,0,0,0,0,0,126.1,542,141,69,66,23,35,0,3,5,0,107,2019
German Marquez,Rockies,12,5,4.71,27,27,1,1,0,0,0,168.0,695,167,92,88,27,33,0,5,14,1,171,2019
Joe Musgrove,Pirates,8,12,4.74,27,26,0,0,0,1,0,142.1,604,143,86,75,19,34,1,8,2,0,125,2019
Andrew Cashner,- - -,10,7,4.75,27,23,0,0,1,1,0,130.2,556,130,75,69,18,47,0,4,7,0,92,2019
Mike Leake,- - -,9,10,4.77,26,26,2,1,0,0,0,158.1,679,190,98,84,34,22,2,7,2,0,109,2019
Jakob Junis,Royals,8,11,4.78,26,26,0,0,0,0,0,150.2,656,159,86,80,25,49,1,10,4,0,142,2019
Homer Bailey,- - -,11,8,5.06,25,25,0,0,0,0,0,128.0,556,131,73,72,17,47,0,4,3,1,116,2019
Yusei Kikuchi,Mariners,5,8,5.19,26,26,1,1,0,0,0,135.1,592,152,89,78,31,43,0,4,3,1,103,2019
Reynaldo Lopez,White Sox,7,11,5.25,26,26,0,0,0,0,0,147.1,652,164,95,86,27,54,0,7,5,2,132,2019
Rick Porcello,Red Sox,11,10,5.49,26,26,0,0,0,0,0,144.1,638,161,95,88,26,42,2,3,5,2,112,2019
J.A. Happ,Yankees,10,8,5.58,25,25,0,0,0,0,0,129.0,553,140,80,80,31,37,1,5,2,0,105,2019
Aaron Sanchez,- - -,5,14,5.89,27,27,0,0,0,0,0,131.1,605,145,92,86,20,68,2,11,7,0,115,2019
